C0101,Neha Kapoor,Aadhar,1111 2222 3333,45 Crescent Rd, India,2025-11-13,2025-11-17,1002,9876543210
C0102,Samir Ali,Aadhar,2222 3333 4444,78 Sunrise Blvd, India,2025-11-14,2025-11-18,1003,9123456789
C0103,Olivia Martin,DL,DL-2025-OM01,9 Ocean View, United States,2025-11-15,2025-11-19,1004,2025550101
C0104,Daniel Kim,Passport,P1000002,3 Maple Street, Korea,2025-11-16,2025-11-20,1005,8210123456
C0105,Emma Chen,Aadhar,3333 4444 5555,21 Liberty Ave, India,2025-11-17,2025-11-21,1006,9876543211
C0106,Ravi Singh,Aadhar,4444 5555 6666,66 Mall Road, India,2025-11-18,2025-11-22,1007,9988776655
C0107,Lia Rodriguez,Passport,P2000003,44 Plaza Mayor, Spain,2025-11-19,2025-11-23,1008,3461234567
C0108,Jonah Smith,DL,DL-2025-JS08,88 River Ave, USA,2025-11-20,2025-11-24,1009,2125550188
C0109,Grace Lee,Aadhar,5555 6666 7777,12 Park Lane, India,2025-11-21,2025-11-25,1010,9191234569
C0110,Noah Patel,Passport,P3000004,7 Hillcrest, UK,2025-11-22,2025-11-26,1011,4474455550
C0111,Aria Rossi,Aadhar,6666 7777 8888,99 Olive Street, Italy,2025-11-23,2025-11-27,1012,3905512345
C0112,Lucas Müller,Passport,P4000005,15 Kaiser Str, Germany,2025-11-24,2025-11-28,1013,4930123456
C0113,Sophie Dubois,DL,DL-2025-SD11,21 Rue Victor, France,2025-11-25,2025-11-29,1014,3366123456
C0114,Aarav Sharma,Aadhar,8888 9999 0000,12 Rajpath, India,2025-11-26,2025-11-30,1015,9980011222
C0115,Zoey Kim,Passport,P5000006,2 Ocean Ave, South Korea,2025-11-27,2025-12-01,1016,9876654320
C0116,Henry Clark,DL,DL-2025-HC22,34 Crown St, USA,2025-11-28,2025-12-02,1017,4155550133
C0117,Arun Das,Aadhar,9999 0000 1111,3 Silk Road, India,2025-11-29,2025-12-03,1018,9123456783
C0118,Marco Rossi,Passport,P6000007,88 Piazza San Marco, Italy,2025-11-30,2025-12-04,1019,3905599988
C0119,Sara Nair,Aadhar,1000 2111 3222,5 Lotus Ave, India,2025-12-01,2025-12-05,1020,9876501234
C0120,Lucas Green,DL,DL-2025-LG33,77 Market Street, UK,2025-12-02,2025-12-06,1021,4479112345
C0121,Amelia Park,Passport,P7000008,1 Studio 5, Korea,2025-12-03,2025-12-07,1022,8233445566
C0122,David Kim,Aadhar,1001 2112 3223,14 North Ave, Korea,2025-12-04,2025-12-08,1023,8244432211
C0123,Chloe Smith,Passport,P8000009,9 Sunset Blvd, Canada,2025-12-05,2025-12-09,1024,4165550199
C0124,Pranav Iyer,Aadhar,1002 2113 3224,16 Green Way, India,2025-12-06,2025-12-10,1025,9191234569
C0125,Olivia Nguyen,DL,DL-2025-ON77,28 Harbour Dr, USA,2025-12-07,2025-12-11,1026,7025550123
C0126,Ahmed Khan,Aadhar,1003 2114 3225,81 Pearl Road, India,2025-12-08,2025-12-12,1027,9870123456
C0127,Grace Park,Passport,P9000010,3 King Street, UK,2025-12-09,2025-12-13,1028,4475401234
C0128,Ishaan Gupta,Aadhar,1004 2115 3226,50 MG Road, India,2025-12-10,2025-12-14,1029,9988776654
C0129,Samantha Rossi,DL,DL-2025-SR55,12 Via Roma, Italy,2025-12-11,2025-12-15,1030,3555123456
C0130,Daniela Costa,Passport,P1000011,7 Ocean View, Portugal,2025-12-12,2025-12-16,1031,3519123456
C0131,Daniel Park,DL,DL-2025-DP22,44 Harbor St, Korea,2025-12-13,2025-12-17,1032,8210665544
C0132,Aditi Verma,Aadhar,7777 8888 9999,22 Carter Road, India,2025-12-14,2025-12-18,1033,9198765432
C0133,Jonah Cohen,Passport,P1100012,19 Rue de Paris, France,2025-12-15,2025-12-19,1034,3364455667
C0134,Grace Patel,Aadhar,1005 2116 3227,3 Indigo Row, India,2025-12-16,2025-12-20,1035,9192345670
C0135,Leo Martins,DL,DL-2025-LM21,8 Harbour Way, Brazil,2025-12-17,2025-12-21,1036,5521987654
C0136,Sophia Rossi,Passport,P1200013,21 Piazza San Marco, Italy,2025-12-18,2025-12-22,1037,3905588877
C0137,Adam White,Aadhar,9999 1111 2222,12 Noble Ave, USA,2025-12-19,2025-12-23,1038,3035550188
C0138,Emma Thompson,DL,DL-2025-ET88,33 Crown St, UK,2025-12-20,2025-12-24,1039,7946123456
C0139,Vihaan Kapoor,Aadhar,2222 3333 5555,6 Lotus Garden, India,2025-12-21,2025-12-25,1040,9123456722
C0140,Charlotte Liu,Passport,P1300014,5 Liberty St, Canada,2025-12-22,2025-12-26,1041,4165550144
C0141,Bruno Costa,Aadhar,1006 2117 3228,9 Piazza Navona, Brazil,2025-12-23,2025-12-27,1042,5511912345
C0142,Mia Chen,DL,DL-2025-MC33,41 Market Street, USA,2025-12-24,2025-12-28,1043,1646555015
C0143,Nina Kapoor,Aadhar,1007 2118 3229,17 Park Lane, India,2025-12-25,2025-12-29,1044,9198001230
C0144,Oliver Smith,Passport,P1400015,8 Garden Ave, UK,2025-12-26,2025-12-30,1045,4477103040
C0145,Sara Rossi,Aadhar,1008 2119 3230,12 Ocean Drive, Italy,2025-12-27,2026-01-02,1046,3905533322
C0146,Alexandra Rossi,Passport,P1500016,24 Via del Corso, Italy,2025-12-28,2026-01-01,1047,3905544555
C0147,Ethan Park,DL,DL-2025-EP77,12 Riverbank Ave, Korea,2025-12-29,2026-01-02,1048,3283344456
C0148,Aditi Sharma,Aadhar,1009 2120 3231,7 Lotus Street, India,2025-12-30,2026-01-03,1049,9198765432
C0149,Oliver Brown,Passport,P1500017,3 Emerald Way, USA,2025-12-31,2026-01-04,1050,2025550144
C0150,Grace Kim,Aadhar,1010 2121 3232,45 Sunset Blvd, South Korea,2026-01-01,2026-01-05,1051,5556667776
C0151,Sophia Chen,DL,DL-2026-SC01,9 Ocean View, Canada,2026-01-02,2026-01-06,1052,1416555015
C0152,Noah Singh,Aadhar,1011 2122 3233,11 Park Lane, India,2026-01-03,2026-01-07,1053,9191234567
C0153,Liam Martin,Passport,P1600018,2 Crown Street, United Kingdom,2026-01-04,2026-01-08,1054,4447520123
C0154,Ava Kapoor,Aadhar,1012 2123 3234,77 Hill Rd, India,2026-01-05,2026-01-09,1055,9199877665
C0155,Lucas Rossi,DL,DL-2026-LR22,14 Beacon Ave, Italy,2026-01-06,2026-01-10,1056,3905577788
C0156,Mia Chen,Passport,P1700019,33 Piazza Navona, Italy,2026-01-07,2026-01-11,1057,3905599911
C0157,Arjun Nair,Aadhar,1013 2124 3235,88 Marina Bay, India,2026-01-08,2026-01-12,1058,9191234567
C0158,Sara Gupta,Aadhar,1014 2125 3236,12 MG Road, India,2026-01-09,2026-01-13,1059,9198765431
C0159,Daniel Kim,Passport,P1600020,5 Liberty St, Korea,2026-01-10,2026-01-14,1060,8282762345
C0160,Emma White,DL,DL-2026-EW10,10 Red Oak Ave, USA,2026-01-11,2026-01-15,1061,12035550166
C0161,Chloe Park,Aadhar,1015 2126 3237,4 Birch Rd, Korea,2026-01-12,2026-01-16,1062,8233332222
C0162,Henry Singh,Aadhar,1016 2127 3238,6 Cedar Ave, India,2026-01-13,2026-01-17,1063,9191234568
C0163,Isabella Rossi,Passport,P1800021,9 Piazza Navona, Italy,2026-01-14,2026-01-18,1064,3905566677
C0164,Oliver Brown,DL,DL-2026-OB11,2 River Street, USA,2026-01-15,2026-01-19,1065,12035550177
C0165,Ava Kapoor,Aadhar,1017 2128 3239,35 Green Lane, India,2026-01-16,2026-01-20,1066,9198001122
C0166,Messi Chen,Passport,P1900032,1 Ocean Drive, Canada,2026-01-17,2026-01-21,1067,14385550144
C0167,Noah Kim,DL,DL-2026-NK33,22 Parkside, Korea,2026-01-18,2026-01-22,1068,8210223344
C0168,Samantha Rossi,Aadhar,1018 2129 3240,60 Market Street, Italy,2026-01-19,2026-01-23,1069,3905512346
C0169,James Clark,Passport,P2000033,11 Rue de Paris, France,2026-01-20,2026-01-24,1070,3366655566
C0170,Scarlett Patel,Aadhar,1019 2130 3241,8 Indigo Row, India,2026-01-21,2026-01-25,1071,9191234567
C0171,Henry Singh,DL,DL-2026-HS77,19 Cypress Ave, USA,2026-01-22,2026-01-26,1072,1202555019
C0172,Grace Park,Passport,P2100034,4 Queen Street, UK,2026-01-23,2026-01-27,1073,4479112233
C0173,Aarav Das,Aadhar,1020 2131 3242,14 Lotus Way, India,2026-01-24,2026-01-28,1074,9198765431
C0174,Lilly Chen,DL,DL-2026-LC44,7 Harbour View, Canada,2026-01-25,2026-01-29,1075,1514555012
C0175,Lucas Rossi,Passport,P2100045,21 Piazza San Marco, Italy,2026-01-26,2026-01-30,1076,3905522233
C0176,Sophia Park,Aadhar,1021 2132 3243,3 Cedar Lane, India,2026-01-27,2026-01-31,1077,9191234567
C0177,Aiden Patel,DL,DL-2026-AP77,55 Riverside Dr, USA,2026-01-28,2026-02-01,1078,13125550120
C0178,Emma Singh,Passport,P2200046,12 Market Ave, India,2026-01-29,2026-02-02,1079,9198765000
C0179,Daniela Costa,Aadhar,1022 2133 3244,9 Ocean View, Portugal,2026-01-30,2026-02-03,1080,3519123456
C0180,Bruno Almeida,DL,DL-2026-BA12,18 Avenida, Brazil,2026-02-01,2026-02-05,1081,5525123456
C0181,Chloe Nguyen,Passport,P2300047,6 Nguyen St, Vietnam,2026-02-02,2026-02-06,1082,8491234567
C0182,Adam White,Aadhar,1023 2134 3245,1 Noble Ct, USA,2026-02-03,2026-02-07,1083,12035550188
C0183,Nora Kapoor,DL,DL-2026-NK77,22 Lotus Garden, India,2026-02-04,2026-02-08,1084,9191234567
C0184,Olivia Chen,Passport,P2400048,14 Liberty Street, Canada,2026-02-05,2026-02-09,1085,4165550190
C0185,Ethan Park,Aadhar,1024 2135 3246,33 Heritage Ave, Korea,2026-02-06,2026-02-10,1086,8282766789
C0186,Sophie Rossi,DL,DL-2026-SR22,8 Marina Blvd, Italy,2026-02-07,2026-02-11,1087,3905544455
C0187,Noah Kim,Aadhar,1025 2136 3247,12 Tree Line, Korea,2026-02-08,2026-02-12,1088,8280778899
C0188,Grace Chen,Passport,P2500049,19 Rue de Lyon, France,2026-02-09,2026-02-13,1089,3366667777
C0189,Lucas Park,Aadhar,1026 2137 3248,27 Cedar Ave, Korea,2026-02-10,2026-02-14,1090,8256657788
C0190,Ashley Patel,DL,DL-2026-AP88,3 Park Street, India,2026-02-11,2026-02-15,1091,919123456786
C0191,Mia Kapoor,Passport,P2600050,5 Grand Central, India,2026-02-12,2026-02-16,1092,91987654314
C0192,Oliver Rossi,Aadhar,1027 2138 3249,44 Queen's Gate, Italy,2026-02-13,2026-02-17,1093,3905511122
C0193,Sophia Nguyen,DL,DL-2026-SN33,16 Riverside Dr, Vietnam,2026-02-14,2026-02-18,1094,8481234567
C0194,Daniel Smith,Passport,P2700051,2 Ocean Ave, USA,2026-02-15,2026-02-19,1095,1206555013
C0195,Grace Lee,Aadhar,1028 2139 3250,9 Lotus Way, Korea,2026-02-16,2026-02-20,1096,8210334456
C0196,Leo Kim,DL,DL-2026-LK66,40 Market St, Korea,2026-02-17,2026-02-21,1097,8210443321
C0197,Emma Davis,Passport,P2800052,88 Avenida, Spain,2026-02-18,2026-02-22,1098,3461234577
C0198,Riya Sharma,Aadhar,1029 2140 3251,12 Parkside, India,2026-02-19,2026-02-23,1099,919123456799
C0199,Lucas White,DL,DL-2026-LW77,7 Hill Street, USA,2026-02-20,2026-02-24,1100,12035550101
C0200,Chandra Nair,Aadhar,1030 2141 3252,33 Garden Ave, India,2026-02-21,2026-02-25,1101,9198899000
C0201,Aaron Kim,DL,DL-2026-AK01,12 Meridian Ave, Korea,2026-02-22,2026-02-26,1102,8210123456
C0202,Grace Park,Passport,P3100001,4 Castle Way, UK,2026-02-23,2026-02-27,1103,4479112233
C0203,Riya Sharma,Aadhar,8888 9999 1111,16 Park Lane, India,2026-02-24,2026-02-28,1104,9123456780
C0204,Daniel Costa,Passport,P3100002,8 Ocean View, Portugal,2026-02-25,2026-03-01,1105,35191234567
C0205,Mia Nguyen,DL,DL-2026-MN11,33 Riverside, Vietnam,2026-02-26,2026-03-02,1106,84912345670
C0206,Liam Patel,Aadhar,1031 2142 3253,22 Hillcrest, India,2026-02-27,2026-03-03,1107,9123456789
C0207,Sophia Chen,Passport,P3200003,7 Bay Street, Canada,2026-02-28,2026-03-04,1108,5145550123
C0208,Noah Singh,DL,DL-2026-NS22,9 Pine Ave, India,2026-03-01,2026-03-05,1109,9876543210
C0209,Emma Rossi,Passport,P3200004,15 Grand Plaza, Italy,2026-03-02,2026-03-06,1110,3391234567
C0210,Alex Kim,Aadhar,1032 2143 3254,3 Crescent Rd, Korea,2026-03-03,2026-03-07,1111,8205550101
C0211,Chloe Martin,DL,DL-2026-CM33,25 Maple Ave, USA,2026-03-04,2026-03-08,1112,2025550144
C0212,Ethan Park,Passport,P3200005,11 Hill Street, Korea,2026-03-05,2026-03-09,1113,8212345678
C0213,Isabella Rossi,Aadhar,9999 8888 7777,44 Indigo Row, Italy,2026-03-06,2026-03-10,1114,9123456701
C0214,Lucas Nguyen,DL,DL-2026-LN88,30 Ocean Blvd, Vietnam,2026-03-07,2026-03-11,1115,7012345678
C0215,Nora Kapoor,Passport,P4100006,2 Rue de Paris, France,2026-03-08,2026-03-12,1116,3366557788
C0216,Daniel Park,DL,DL-2026-DP22,44 Harbor St, Korea,2026-03-09,2026-03-13,1117,8210665544
C0217,Ava Kapoor,Aadhar,1033 2144 3255,77 Ocean Ave, India,2026-03-10,2026-03-14,1118,9123456784
C0218,Grace Lee,Passport,P4100007,5 Liberty St, USA,2026-03-11,2026-03-15,1119,4155550133
C0219,Oliver Brown,DL,DL-2026-OB88,6 Cedar Ave, USA,2026-03-12,2026-03-16,1120,2025550145
C0220,Sara Gupta,Aadhar,1034 2145 3256,12 MG Road, India,2026-03-13,2026-03-17,1121,9876501235
C0221,Adam White,Aadhar,1035 2146 3257,9 Pearl Street, USA,2026-03-14,2026-03-18,1122,2025550188
C0222,Nina Kapoor,Aadhar,1036 2147 3258,21 Park Lane, India,2026-03-15,2026-03-19,1123,9120123456
C0223,Jonah Lee,Passport,P4100008,18 Rue de Lyon, France,2026-03-16,2026-03-20,1124,33644556677
C0224,Grace Park,DL,DL-2026-GP77,33 Crown St, UK,2026-03-17,2026-03-21,1125,4479112233
C0225,Leo Martins,Brazilian,DL-2026-LM21,88 Harbour Way, Brazil,2026-03-18,2026-03-22,1126,5521987654
C0226,Sophie Rossi,Passport,P4200009,12 Piazza San Marco, Italy,2026-03-19,2026-03-23,1127,3905588877
C0227,Adam White,Aadhar,1037 2148 3259,4 Noble Ave, USA,2026-03-20,2026-03-24,1128,3035550188
C0228,Emma Brown,DL,DL-2026-EB88,7 Market St, UK,2026-03-21,2026-03-25,1129,7946123456
C0229,Vihaan Kapoor,Aadhar,1038 2149 3260,6 Lotus Garden, India,2026-03-22,2026-03-26,1130,9123456722
C0230,Charlotte Liu,Passport,P1400009,5 Liberty St, Canada,2026-03-23,2026-03-27,1131,4165550144
C0231,Bruno Costa,Aadhar,1039 2150 3261,9 Piazza Navona, Brazil,2026-03-24,2026-03-28,1132,5511912345
C0232,Mia Chen,DL,DL-2026-MC44,41 Market Street, USA,2026-03-25,2026-03-29,1133,1646555015
C0233,Nina Kapoor,Aadhar,1040 2151 3262,17 Park Lane, India,2026-03-26,2026-03-30,1134,9198001230
C0234,Oliver Smith,Passport,P1400010,8 Garden Ave, UK,2026-03-27,2026-03-31,1135,4477103040
C0235,Sara Rossi,Aadhar,1041 2152 3263,12 Ocean Drive, Italy,2026-03-28,2026-04-01,1136,3905533322
C0236,Alexandra Rossi,Passport,P100000101,24 Via del Corso, Italy,2026-03-29,2026-04-02,1137,3905544555
C0237,Ethan Park,DL,DL-2026-EP77,12 Riverbank Ave, Korea,2026-03-30,2026-04-03,1138,3283344456
C0238,Aditi Sharma,Aadhar,1042 2153 3264,7 Lotus Street, India,2026-03-31,2026-04-04,1139,9198765432
C0239,Oliver Brown,Passport,P100100102,3 Emerald Way, USA,2026-04-01,2026-04-05,1140,2025550144
C0240,Grace Kim,Aadhar,1043 2154 3265,45 Sunset Blvd, South Korea,2026-04-02,2026-04-06,1141,5556667776
C0241,Sophia Chen,DL,DL-2026-SO100,9 Ocean View, Canada,2026-04-03,2026-04-07,1142,1416555015
C0242,Noah Singh,Aadhar,1044 2155 3266,11 Park Lane, India,2026-04-04,2026-04-08,1143,9191234567
C0243,Liam Martin,Passport,P100200103,2 Crown Street, United Kingdom,2026-04-05,2026-04-09,1144,4447520123
C0244,Ava Kapoor,Aadhar,1045 2156 3267,77 Hill Rd, India,2026-04-06,2026-04-10,1145,9199877665
C0245,Lucas Rossi,DL,DL-2026-LU101,14 Beacon Ave, Italy,2026-04-07,2026-04-11,1146,3905577788
C0246,Mia Chen,Passport,P100300104,33 Piazza Navona, Italy,2026-04-08,2026-04-12,1147,3905599911
C0247,Arjun Nair,Aadhar,1046 2157 3268,88 Marina Bay, India,2026-04-09,2026-04-13,1148,9191234567
C0248,Sara Gupta,Aadhar,1047 2158 3269,12 MG Road, India,2026-04-10,2026-04-14,1149,9198765431
C0249,Daniel Kim,Passport,P100400105,5 Liberty St, Korea,2026-04-11,2026-04-15,1150,8282762345
C0250,Emma White,DL,DL-2026-EM102,10 Red Oak Ave, USA,2026-04-12,2026-04-16,1151,12035550166
C0251,Chloe Park,Aadhar,1048 2159 3270,4 Birch Rd, Korea,2026-04-13,2026-04-17,1152,8233332222
C0252,Henry Singh,Aadhar,1049 2160 3271,6 Cedar Ave, India,2026-04-14,2026-04-18,1153,9191234568
C0253,Isabella Rossi,Passport,P100500106,9 Piazza Navona, Italy,2026-04-15,2026-04-19,1154,3905566677
C0254,Oliver Brown,DL,DL-2026-OL103,2 River Street, USA,2026-04-16,2026-04-20,1155,12035550177
C0255,Ava Kapoor,Aadhar,1050 2161 3272,35 Green Lane, India,2026-04-17,2026-04-21,1156,9198001122
C0256,Messi Chen,Passport,P100600107,1 Ocean Drive, Canada,2026-04-18,2026-04-22,1157,14385550144
C0257,Noah Kim,DL,DL-2026-NO104,22 Parkside, Korea,2026-04-19,2026-04-23,1158,8210223344
C0258,Samantha Rossi,Aadhar,1051 2162 3273,60 Market Street, Italy,2026-04-20,2026-04-24,1159,3905512346
C0259,James Clark,Passport,P100700108,11 Rue de Paris, France,2026-04-21,2026-04-25,1160,3366655566
C0260,Scarlett Patel,Aadhar,1052 2163 3274,8 Indigo Row, India,2026-04-22,2026-04-26,1161,919123456785
C0261,Henry Singh,DL,DL-2026-HE105,19 Cypress Ave, USA,2026-04-23,2026-04-27,1162,12025550190
C0262,Grace Park,Passport,P100800109,4 Queen Street, UK,2026-04-24,2026-04-28,1163,447911223344
C0263,Aarav Das,Aadhar,1053 2164 3275,14 Lotus Way, India,2026-04-25,2026-04-29,1164,91987654313
C0264,Lilly Chen,DL,DL-2026-LI106,7 Harbour View, Canada,2026-04-26,2026-04-30,1165,15145550123
C0265,Lucas Rossi,Passport,P100900110,21 Piazza San Marco, Italy,2026-04-27,2026-05-01,1166,3905522233
C0266,Sophia Park,Aadhar,1054 2165 3276,3 Cedar Lane, India,2026-04-28,2026-05-02,1167,919123456791
C0267,Aiden Patel,DL,DL-2026-AI107,55 Riverside Dr, USA,2026-04-29,2026-05-03,1168,13125550120
C0268,Emma Singh,Passport,P101000111,12 Market Ave, India,2026-04-30,2026-05-04,1169,9198765000
C0269,Daniela Costa,Aadhar,1055 2166 3277,9 Ocean View, Portugal,2026-05-01,2026-05-05,1170,3519123456
C0270,Bruno Almeida,DL,DL-2026-BR108,18 Avenida, Brazil,2026-05-02,2026-05-06,1171,5525123456
C0271,Chloe Nguyen,Passport,P101100112,6 Nguyen St, Vietnam,2026-05-03,2026-05-07,1172,8491234567
C0272,Adam White,Aadhar,1056 2167 3278,1 Noble Ct, USA,2026-05-04,2026-05-08,1173,12035550188
C0273,Nora Kapoor,DL,DL-2026-NO109,22 Lotus Garden, India,2026-05-05,2026-05-09,1174,9191234567
C0274,Olivia Chen,Passport,P101200113,14 Liberty Street, Canada,2026-05-06,2026-05-10,1175,4165550190
C0275,Ethan Park,Aadhar,1057 2168 3279,33 Heritage Ave, Korea,2026-05-07,2026-05-11,1176,8282766789
C0276,Sophie Rossi,DL,DL-2026-SO110,8 Marina Blvd, Italy,2026-05-08,2026-05-12,1177,3905544455
C0277,Noah Kim,Aadhar,1058 2169 3280,12 Tree Line, Korea,2026-05-09,2026-05-13,1178,8280778899
C0278,Grace Chen,Passport,P101300114,19 Rue de Lyon, France,2026-05-10,2026-05-14,1179,3366667777
C0279,Lucas Park,Aadhar,1059 2170 3281,27 Cedar Ave, Korea,2026-05-11,2026-05-15,1180,8256657788
C0280,Ashley Patel,DL,DL-2026-AS111,3 Park Street, India,2026-05-12,2026-05-16,1181,919123456786
C0281,Mia Kapoor,Passport,P101400115,5 Grand Central, India,2026-05-13,2026-05-17,1182,91987654314
C0282,Oliver Rossi,Aadhar,1060 2171 3282,44 Queen's Gate, Italy,2026-05-14,2026-05-18,1183,3905511122
C0283,Sophia Nguyen,DL,DL-2026-SO112,16 Riverside Dr, Vietnam,2026-05-15,2026-05-19,1184,8481234567
C0284,Daniel Smith,Passport,P101500116,2 Ocean Ave, USA,2026-05-16,2026-05-20,1185,1206555013
C0285,Grace Lee,Aadhar,1061 2172 3283,9 Lotus Way, Korea,2026-05-17,2026-05-21,1186,8210334456
C0286,Leo Kim,DL,DL-2026-LE113,40 Market St, Korea,2026-05-18,2026-05-22,1187,8210443321
C0287,Emma Davis,Passport,P101600117,88 Avenida, Spain,2026-05-19,2026-05-23,1188,3461234577
C0288,Riya Sharma,Aadhar,1062 2173 3284,12 Parkside, India,2026-05-20,2026-05-24,1189,919123456799
C0289,Lucas White,DL,DL-2026-LU114,7 Hill Street, USA,2026-05-21,2026-05-25,1190,12035550101
C0290,Chandra Nair,Aadhar,1063 2174 3285,33 Garden Ave, India,2026-05-22,2026-05-26,1191,9198899000
C0291,Ash Singh,Passport,P9999999,1 Broadway, Australia,2026-05-23,2026-05-27,1192,6145550123
C0292,Emma Brown,DL,DL-2026-EB99,2 Pearl Rd, UK,2026-05-24,2026-05-28,1193,4477000123
C0293,Nikhil Shah,Aadhar,1064 2175 3286,14 Garden Hill, India,2026-05-25,2026-05-29,1194,9123456780
C0294,Anna Müller,Passport,P9000001,3 Rathausplatz, Germany,2026-05-26,2026-05-30,1195,4912345678
C0295,James Brown,DL,DL-2026-JB11,5 Park Ave, USA,2026-05-27,2026-05-31,1196,2025550123
C0296,Laura Smith,Passport,P9000002,8 Ocean Drive, UK,2026-05-28,2026-06-01,1197,4479009999
C0297, Rahul Verma,Aadhar,1065 2176 3287,22 Silk Street, India,2026-05-29,2026-06-02,1198,9123456789
C0298,Grace Kim,DL,DL-2026-GK77,9 Crescent Ave, Korea,2026-05-30,2026-06-03,1199,8210123450
C0299,Lucas Garcia,Passport,P4000001,11 Plaza Real, Spain,2026-05-31,2026-06-04,1200,6831123456
C0300,Sophia Lee,Aadhar,1066 2177 3288,18 Birch Street, India,2026-06-01,2026-06-05,1201,9123456785
