C0101,Neha Kapoor,Aadhar,1111 2222 3333,45 Crescent Rd, India,2025-11-06,2025-11-12,563,9876543210
C0102,Samir Ali,Aadhar,2222 3333 4444,78 Sunrise Blvd, India,2025-11-04,2025-11-13,1140,9123456789
C0103,Olivia Martin,DL,DL-2025-OM01,9 Ocean View, United States,2025-11-02,2025-11-09,803,2025550101
C0104,Daniel Kim,Passport,P1000002,3 Maple Street, Korea,2025-11-02,2025-11-09,116,8210123456
C0105,Emma Chen,Aadhar,3333 4444 5555,21 Liberty Ave, India,2025-11-05,2025-11-11,908,9876543211
C0106,Ravi Singh,Aadhar,4444 5555 6666,66 Mall Road, India,2025-11-02,2025-11-09,1162,9988776655
C0107,Lia Rodriguez,Passport,P2000003,44 Plaza Mayor, Spain,2025-11-05,2025-11-10,1108,3461234567
C0108,Jonah Smith,DL,DL-2025-JS08,88 River Ave, USA,2025-11-04,2025-11-13,1197,2125550188
C0109,Grace Lee,Aadhar,5555 6666 7777,12 Park Lane, India,2025-11-04,2025-11-10,199,9191234569
C0110,Noah Patel,Passport,P3000004,7 Hillcrest, UK,2025-11-03,2025-11-09,1209,4474455550
C0111,Aria Rossi,Aadhar,6666 7777 8888,99 Olive Street, Italy,2025-11-03,2025-11-09,787,3905512345
C0112,Lucas Müller,Passport,P4000005,15 Kaiser Str, Germany,2025-11-06,2025-11-13,847,4930123456
C0113,Sophie Dubois,DL,DL-2025-SD11,21 Rue Victor, France,2025-11-02,2025-11-09,1038,3366123456
C0114,Aarav Sharma,Aadhar,8888 9999 0000,12 Rajpath, India,2025-11-02,2025-11-09,462,9980011222
C0115,Zoey Kim,Passport,P5000006,2 Ocean Ave, South Korea,2025-11-06,2025-11-11,242,9876654320
C0116,Henry Clark,DL,DL-2025-HC22,34 Crown St, USA,2025-11-02,2025-11-09,206,4155550133
C0117,Arun Das,Aadhar,9999 0000 1111,3 Silk Road, India,2025-11-03,2025-11-14,1246,9123456783
C0118,Marco Rossi,Passport,P6000007,88 Piazza San Marco, Italy,2025-11-04,2025-11-13,1190,3905599988
C0119,Sara Nair,Aadhar,1000 2111 3222,5 Lotus Ave, India,2025-11-04,2025-11-10,135,9876501234
C0120,Lucas Green,DL,DL-2025-LG33,77 Market Street, UK,2025-11-06,2025-11-11,1221,4479112345
C0121,Amelia Park,Passport,P7000008,1 Studio 5, Korea,2025-11-02,2025-11-12,123,8233445566
C0122,David Kim,Aadhar,1001 2112 3223,14 North Ave, Korea,2025-11-06,2025-11-14,809,8244432211
C0123,Chloe Smith,Passport,P8000009,9 Sunset Blvd, Canada,2025-11-05,2025-11-10,645,4165550199
C0124,Pranav Iyer,Aadhar,1002 2113 3224,16 Green Way, India,2025-11-06,2025-11-12,923,9191234569
C0125,Olivia Nguyen,DL,DL-2025-ON77,28 Harbour Dr, USA,2025-11-03,2025-11-12,333,7025550123
C0126,Ahmed Khan,Aadhar,1003 2114 3225,81 Pearl Road, India,2025-11-05,2025-11-13,902,9870123456
C0127,Grace Park,Passport,P9000010,3 King Street, UK,2025-11-03,2025-11-09,484,4475401234
C0128,Ishaan Gupta,Aadhar,1004 2115 3226,50 MG Road, India,2025-11-06,2025-11-14,105,9988776654
C0129,Samantha Rossi,DL,DL-2025-SR55,12 Via Roma, Italy,2025-11-05,2025-11-10,697,3555123456
C0130,Daniela Costa,Passport,P1000011,7 Ocean View, Portugal,2025-11-03,2025-11-12,278,3519123456
C0131,Daniel Park,DL,DL-2025-DP22,44 Harbor St, Korea,2025-11-05,2025-11-12,344,8210665544
C0132,Aditi Verma,Aadhar,7777 8888 9999,22 Carter Road, India,2025-11-04,2025-11-13,417,9198765432
C0133,Jonah Cohen,Passport,P1100012,19 Rue de Paris, France,2025-11-04,2025-11-12,1045,3364455667
C0134,Grace Patel,Aadhar,1005 2116 3227,3 Indigo Row, India,2025-11-02,2025-11-11,849,9192345670
C0135,Leo Martins,DL,DL-2025-LM21,8 Harbour Way, Brazil,2025-11-03,2025-11-10,1183,5521987654
C0136,Sophia Rossi,Passport,P1200013,21 Piazza San Marco, Italy,2025-11-03,2025-11-10,1001,3905588877
C0137,Adam White,Aadhar,9999 1111 2222,12 Noble Ave, USA,2025-11-05,2025-11-12,1250,3035550188
C0138,Emma Thompson,DL,DL-2025-ET88,33 Crown St, UK,2025-11-04,2025-11-12,342,7946123456
C0139,Vihaan Kapoor,Aadhar,2222 3333 5555,6 Lotus Garden, India,2025-11-05,2025-11-09,1132,9123456722
C0140,Charlotte Liu,Passport,P1300014,5 Liberty St, Canada,2025-11-04,2025-11-09,90,4165550144
C0141,Bruno Costa,Aadhar,1006 2117 3228,9 Piazza Navona, Brazil,2025-11-06,2025-11-14,377,5511912345
C0142,Mia Chen,DL,DL-2025-MC33,41 Market Street, USA,2025-11-05,2025-11-11,998,1646555015
C0143,Nina Kapoor,Aadhar,1007 2118 3229,17 Park Lane, India,2025-11-05,2025-11-14,378,9198001230
C0144,Oliver Smith,Passport,P1400015,8 Garden Ave, UK,2025-11-04,2025-11-14,1229,4477103040
C0145,Sara Rossi,Aadhar,1008 2119 3230,12 Ocean Drive, Italy,2025-11-05,2025-11-14,593,3905533322
C0146,Alexandra Rossi,Passport,P1500016,24 Via del Corso, Italy,2025-11-06,2025-11-14,281,3905544555
C0147,Ethan Park,DL,DL-2025-EP77,12 Riverbank Ave, Korea,2025-11-06,2025-11-12,975,3283344456
C0148,Aditi Sharma,Aadhar,1009 2120 3231,7 Lotus Street, India,2025-11-03,2025-11-11,255,9198765432
C0149,Oliver Brown,Passport,P1500017,3 Emerald Way, USA,2025-11-06,2025-11-13,55,2025550144
C0150,Grace Kim,Aadhar,1010 2121 3232,45 Sunset Blvd, South Korea,2025-11-02,2025-11-11,1041,5556667776
C0151,Sophia Chen,DL,DL-2026-SC01,9 Ocean View, Canada,2025-11-04,2025-11-13,1145,1416555015
C0152,Noah Singh,Aadhar,1011 2122 3233,11 Park Lane, India,2025-11-02,2025-11-14,549,9191234567
C0153,Liam Martin,Passport,P1600018,2 Crown Street, United Kingdom,2025-11-06,2025-11-13,343,4447520123
C0154,Ava Kapoor,Aadhar,1012 2123 3234,77 Hill Rd, India,2025-11-02,2025-11-10,668,9199877665
C0155,Lucas Rossi,DL,DL-2026-LR22,14 Beacon Ave, Italy,2025-11-03,2025-11-13,1141,3905577788
C0156,Mia Chen,Passport,P1700019,33 Piazza Navona, Italy,2025-11-02,2025-11-13,687,3905599911
C0157,Arjun Nair,Aadhar,1013 2124 3235,88 Marina Bay, India,2025-11-02,2025-11-14,172,9191234567
C0158,Sara Gupta,Aadhar,1014 2125 3236,12 MG Road, India,2025-11-06,2025-11-11,638,9198765431
C0159,Daniel Kim,Passport,P1600020,5 Liberty St, Korea,2025-11-03,2025-11-12,106,8282762345
C0160,Emma White,DL,DL-2026-EW10,10 Red Oak Ave, USA,2025-11-04,2025-11-09,371,12035550166
C0161,Chloe Park,Aadhar,1015 2126 3237,4 Birch Rd, Korea,2025-11-06,2025-11-12,807,8233332222
C0162,Henry Singh,Aadhar,1016 2127 3238,6 Cedar Ave, India,2025-11-02,2025-11-12,1033,9191234568
C0163,Isabella Rossi,Passport,P1800021,9 Piazza Navona, Italy,2025-11-05,2025-11-09,536,3905566677
C0164,Oliver Brown,DL,DL-2026-OB11,2 River Street, USA,2025-11-04,2025-11-10,343,12035550177
C0165,Ava Kapoor,Aadhar,1017 2128 3239,35 Green Lane, India,2025-11-05,2025-11-14,1002,9198001122
C0166,Messi Chen,Passport,P1900032,1 Ocean Drive, Canada,2025-11-04,2025-11-14,222,14385550144
C0167,Noah Kim,DL,DL-2026-NK33,22 Parkside, Korea,2025-11-04,2025-11-13,1080,8210223344
C0168,Samantha Rossi,Aadhar,1018 2129 3240,60 Market Street, Italy,2025-11-03,2025-11-10,124,3905512346
C0169,James Clark,Passport,P2000033,11 Rue de Paris, France,2025-11-03,2025-11-11,436,3366655566
C0170,Scarlett Patel,Aadhar,1019 2130 3241,8 Indigo Row, India,2025-11-02,2025-11-13,243,9191234567
C0171,Henry Singh,DL,DL-2026-HS77,19 Cypress Ave, USA,2025-11-06,2025-11-10,484,1202555019
C0172,Grace Park,Passport,P2100034,4 Queen Street, UK,2025-11-04,2025-11-11,786,4479112233
C0173,Aarav Das,Aadhar,1020 2131 3242,14 Lotus Way, India,2025-11-05,2025-11-12,578,9198765431
C0174,Lilly Chen,DL,DL-2026-LC44,7 Harbour View, Canada,2025-11-05,2025-11-12,242,1514555012
C0175,Lucas Rossi,Passport,P2100045,21 Piazza San Marco, Italy,2025-11-02,2025-11-12,954,3905522233
C0176,Sophia Park,Aadhar,1021 2132 3243,3 Cedar Lane, India,2025-11-03,2025-11-11,239,9191234567
C0177,Aiden Patel,DL,DL-2026-AP77,55 Riverside Dr, USA,2025-11-02,2025-11-10,699,13125550120
C0178,Emma Singh,Passport,P2200046,12 Market Ave, India,2025-11-06,2025-11-14,364,9198765000
C0179,Daniela Costa,Aadhar,1022 2133 3244,9 Ocean View, Portugal,2025-11-03,2025-11-11,57,3519123456
C0180,Bruno Almeida,DL,DL-2026-BA12,18 Avenida, Brazil,2025-11-02,2025-11-11,814,5525123456
C0181,Chloe Nguyen,Passport,P2300047,6 Nguyen St, Vietnam,03-11-2025,09-11-2025,1499,8491234567
C0182,Adam White,Aadhar,1023 2134 3245,1 Noble Ct, USA,05-11-2025,14-11-2025,1304,12035550188
C0183,Nora Kapoor,DL,DL-2026-NK77,22 Lotus Garden, India,06-11-2025,12-11-2025,1868,9191234567
C0184,Olivia Chen,Passport,P2400048,14 Liberty Street, Canada,04-11-2025,13-11-2025,1801,4165550190
C0185,Ethan Park,Aadhar,1024 2135 3246,33 Heritage Ave, Korea,02-11-2025,09-11-2025,1750,8282766789
C0186,Sophie Rossi,DL,DL-2026-SR22,8 Marina Blvd, Italy,03-11-2025,12-11-2025,1560,3905544455
C0187,Noah Kim,Aadhar,1025 2136 3247,12 Tree Line, Korea,05-11-2025,09-11-2025,1480,8280778899
C0188,Grace Chen,Passport,P2500049,19 Rue de Lyon, France,04-11-2025,13-11-2025,2464,3366667777
C0189,Lucas Park,Aadhar,1026 2137 3248,27 Cedar Ave, Korea,04-11-2025,11-11-2025,1445,8256657788
C0190,Ashley Patel,DL,DL-2026-AP88,3 Park Street, India,03-11-2025,14-11-2025,2195,919123456786
C0191,Mia Kapoor,Passport,P2600050,5 Grand Central, India,03-11-2025,13-11-2025,1321,91987654314
C0192,Oliver Rossi,Aadhar,1027 2138 3249,44 Queen's Gate, Italy,04-11-2025,11-11-2025,1317,3905511122
C0193,Sophia Nguyen,DL,DL-2026-SN33,16 Riverside Dr, Vietnam,02-11-2025,13-11-2025,1461,8481234567
C0194,Daniel Smith,Passport,P2700051,2 Ocean Ave, USA,02-11-2025,10-11-2025,1740,1206555013
C0195,Grace Lee,Aadhar,1028 2139 3250,9 Lotus Way, Korea,05-11-2025,14-11-2025,1771,8210334456
C0196,Leo Kim,DL,DL-2026-LK66,40 Market St, Korea,02-11-2025,09-11-2025,2373,8210443321
C0197,Emma Davis,Passport,P2800052,88 Avenida, Spain,04-11-2025,09-11-2025,1308,3461234577
C0198,Riya Sharma,Aadhar,1029 2140 3251,12 Parkside, India,04-11-2025,14-11-2025,2500,919123456799
C0199,Lucas White,DL,DL-2026-LW77,7 Hill Street, USA,06-11-2025,10-11-2025,1693,12035550101
C0200,Chandra Nair,Aadhar,1030 2141 3252,33 Garden Ave, India,04-11-2025,11-11-2025,2188,9198899000
C0201,Aaron Kim,DL,DL-2026-AK01,12 Meridian Ave, Korea,05-11-2025,13-11-2025,1479,8210123456
C0202,Grace Park,Passport,P3100001,4 Castle Way, UK,02-11-2025,10-11-2025,1302,4479112233
C0203,Riya Sharma,Aadhar,8888 9999 1111,16 Park Lane, India,02-11-2025,14-11-2025,1814,9123456780
C0204,Daniel Costa,Passport,P3100002,8 Ocean View, Portugal,02-11-2025,13-11-2025,1752,35191234567
C0205,Mia Nguyen,DL,DL-2026-MN11,33 Riverside, Vietnam,03-11-2025,13-11-2025,1708,84912345670
C0206,Liam Patel,Aadhar,1031 2142 3253,22 Hillcrest, India,03-11-2025,12-11-2025,1536,9123456789
C0207,Sophia Chen,Passport,P3200003,7 Bay Street, Canada,05-11-2025,10-11-2025,1460,5145550123
C0208,Noah Singh,DL,DL-2026-NS22,9 Pine Ave, India,06-11-2025,12-11-2025,2367,9876543210
C0209,Emma Rossi,Passport,P3200004,15 Grand Plaza, Italy,02-11-2025,12-11-2025,1429,3391234567
C0210,Alex Kim,Aadhar,1032 2143 3254,3 Crescent Rd, Korea,05-11-2025,10-11-2025,2460,8205550101
C0211,Chloe Martin,DL,DL-2026-CM33,25 Maple Ave, USA,05-11-2025,09-11-2025,2115,2025550144
C0212,Ethan Park,Passport,P3200005,11 Hill Street, Korea,06-11-2025,09-11-2025,1316,8212345678
C0213,Isabella Rossi,Aadhar,9999 8888 7777,44 Indigo Row, Italy,05-11-2025,14-11-2025,1312,9123456701
C0214,Lucas Nguyen,DL,DL-2026-LN88,30 Ocean Blvd, Vietnam,06-11-2025,12-11-2025,1442,7012345678
C0215,Nora Kapoor,Passport,P4100006,2 Rue de Paris, France,04-11-2025,11-11-2025,1698,3366557788
C0216,Daniel Park,DL,DL-2026-DP22,44 Harbor St, Korea,06-11-2025,12-11-2025,1727,8210665544
C0217,Ava Kapoor,Aadhar,1033 2144 3255,77 Ocean Ave, India,02-11-2025,12-11-2025,2285,9123456784
C0218,Grace Lee,Passport,P4100007,5 Liberty St, USA,02-11-2025,12-11-2025,2483,4155550133
C0219,Oliver Brown,DL,DL-2026-OB88,6 Cedar Ave, USA,06-11-2025,14-11-2025,1305,2025550145
C0220,Sara Gupta,Aadhar,1034 2145 3256,12 MG Road, India,04-11-2025,09-11-2025,2400,9876501235
C0221,Adam White,Aadhar,1035 2146 3257,9 Pearl Street, USA,04-11-2025,14-11-2025,1658,2025550188
C0222,Nina Kapoor,Aadhar,1036 2147 3258,21 Park Lane, India,02-11-2025,14-11-2025,2110,9120123456
C0223,Jonah Lee,Passport,P4100008,18 Rue de Lyon, France,04-11-2025,14-11-2025,1702,33644556677
C0224,Grace Park,DL,DL-2026-GP77,33 Crown St, UK,05-11-2025,09-11-2025,2170,4479112233
C0225,Leo Martins,Brazilian,DL-2026-LM21,88 Harbour Way, Brazil,03-11-2025,09-11-2025,2457,5521987654
C0226,Sophie Rossi,Passport,P4200009,12 Piazza San Marco, Italy,05-11-2025,12-11-2025,1820,3905588877
C0227,Adam White,Aadhar,1037 2148 3259,4 Noble Ave, USA,02-11-2025,14-11-2025,1264,3035550188
C0228,Emma Brown,DL,DL-2026-EB88,7 Market St, UK,04-11-2025,11-11-2025,1577,7946123456
C0229,Vihaan Kapoor,Aadhar,1038 2149 3260,6 Lotus Garden, India,06-11-2025,09-11-2025,2116,9123456722
C0230,Charlotte Liu,Passport,P1400009,5 Liberty St, Canada,03-11-2025,10-11-2025,1947,4165550144
C0231,Bruno Costa,Aadhar,1039 2150 3261,9 Piazza Navona, Brazil,06-11-2025,10-11-2025,1569,5511912345
C0232,Mia Chen,DL,DL-2026-MC44,41 Market Street, USA,02-11-2025,10-11-2025,1691,1646555015
C0233,Nina Kapoor,Aadhar,1040 2151 3262,17 Park Lane, India,04-11-2025,13-11-2025,1940,9198001230
C0234,Oliver Smith,Passport,P1400010,8 Garden Ave, UK,06-11-2025,12-11-2025,1440,4477103040
C0235,Sara Rossi,Aadhar,1041 2152 3263,12 Ocean Drive, Italy,06-11-2025,10-11-2025,2029,3905533322
C0236,Alexandra Rossi,Passport,P100000101,24 Via del Corso, Italy,03-11-2025,12-11-2025,1449,3905544555
C0237,Ethan Park,DL,DL-2026-EP77,12 Riverbank Ave, Korea,03-11-2025,10-11-2025,1986,3283344456
C0238,Aditi Sharma,Aadhar,1042 2153 3264,7 Lotus Street, India,04-11-2025,11-11-2025,1955,9198765432
C0239,Oliver Brown,Passport,P100100102,3 Emerald Way, USA,03-11-2025,12-11-2025,2487,2025550144
C0240,Grace Kim,Aadhar,1043 2154 3265,45 Sunset Blvd, South Korea,06-11-2025,10-11-2025,1792,5556667776
C0241,Sophia Chen,DL,DL-2026-SO100,9 Ocean View, Canada,06-11-2025,09-11-2025,1339,1416555015
C0242,Noah Singh,Aadhar,1044 2155 3266,11 Park Lane, India,02-11-2025,12-11-2025,2191,9191234567
C0243,Liam Martin,Passport,P100200103,2 Crown Street, United Kingdom,06-11-2025,13-11-2025,2349,4447520123
C0244,Ava Kapoor,Aadhar,1045 2156 3267,77 Hill Rd, India,04-11-2025,09-11-2025,1506,9199877665
C0245,Lucas Rossi,DL,DL-2026-LU101,14 Beacon Ave, Italy,05-11-2025,09-11-2025,2026,3905577788
C0246,Mia Chen,Passport,P100300104,33 Piazza Navona, Italy,02-11-2025,14-11-2025,1412,3905599911
C0247,Arjun Nair,Aadhar,1046 2157 3268,88 Marina Bay, India,02-11-2025,13-11-2025,2381,9191234567
C0248,Sara Gupta,Aadhar,1047 2158 3269,12 MG Road, India,04-11-2025,09-11-2025,1851,9198765431
C0249,Daniel Kim,Passport,P100400105,5 Liberty St, Korea,04-11-2025,09-11-2025,1991,8282762345
C0250,Emma White,DL,DL-2026-EM102,10 Red Oak Ave, USA,03-11-2025,10-11-2025,2433,12035550166
C0251,Chloe Park,Aadhar,1048 2159 3270,4 Birch Rd, Korea,02-11-2025,10-11-2025,1644,8233332222
C0252,Henry Singh,Aadhar,1049 2160 3271,6 Cedar Ave, India,03-11-2025,12-11-2025,1393,9191234568
C0253,Isabella Rossi,Passport,P100500106,9 Piazza Navona, Italy,06-11-2025,12-11-2025,1344,3905566677
C0254,Oliver Brown,DL,DL-2026-OL103,2 River Street, USA,02-11-2025,12-11-2025,1717,12035550177
C0255,Ava Kapoor,Aadhar,1050 2161 3272,35 Green Lane, India,02-11-2025,10-11-2025,1843,9198001122
C0256,Messi Chen,Passport,P100600107,1 Ocean Drive, Canada,05-11-2025,12-11-2025,1414,14385550144
C0257,Noah Kim,DL,DL-2026-NO104,22 Parkside, Korea,02-11-2025,09-11-2025,1457,8210223344
C0258,Samantha Rossi,Aadhar,1051 2162 3273,60 Market Street, Italy,06-11-2025,10-11-2025,2179,3905512346
C0259,James Clark,Passport,P100700108,11 Rue de Paris, France,03-11-2025,12-11-2025,1998,3366655566
C0260,Scarlett Patel,Aadhar,1052 2163 3274,8 Indigo Row, India,03-11-2025,09-11-2025,1584,919123456785
C0261,Henry Singh,DL,DL-2026-HE105,19 Cypress Ave, USA,05-11-2025,12-11-2025,2009,12025550190
C0262,Grace Park,Passport,P100800109,4 Queen Street, UK,06-11-2025,11-11-2025,1978,447911223344
C0263,Aarav Das,Aadhar,1053 2164 3275,14 Lotus Way, India,03-11-2025,12-11-2025,1680,91987654313
C0264,Lilly Chen,DL,DL-2026-LI106,7 Harbour View, Canada,04-11-2025,11-11-2025,1797,15145550123
C0265,Lucas Rossi,Passport,P100900110,21 Piazza San Marco, Italy,06-11-2025,12-11-2025,1397,3905522233
C0266,Sophia Park,Aadhar,1054 2165 3276,3 Cedar Lane, India,06-11-2025,14-11-2025,2498,919123456791
C0267,Aiden Patel,DL,DL-2026-AI107,55 Riverside Dr, USA,05-11-2025,14-11-2025,1601,13125550120
C0268,Emma Singh,Passport,P101000111,12 Market Ave, India,03-11-2025,13-11-2025,2344,9198765000
C0269,Daniela Costa,Aadhar,1055 2166 3277,9 Ocean View, Portugal,06-11-2025,14-11-2025,1585,3519123456
C0270,Bruno Almeida,DL,DL-2026-BR108,18 Avenida, Brazil,03-11-2025,14-11-2025,2197,5525123456
C0271,Chloe Nguyen,Passport,P101100112,6 Nguyen St, Vietnam,04-11-2025,12-11-2025,2028,8491234567
C0272,Adam White,Aadhar,1056 2167 3278,1 Noble Ct, USA,05-11-2025,10-11-2025,1803,12035550188
C0273,Nora Kapoor,DL,DL-2026-NO109,22 Lotus Garden, India,04-11-2025,10-11-2025,2391,9191234567
C0274,Olivia Chen,Passport,P101200113,14 Liberty Street, Canada,05-11-2025,11-11-2025,1700,4165550190
C0275,Ethan Park,Aadhar,1057 2168 3279,33 Heritage Ave, Korea,06-11-2025,10-11-2025,1915,8282766789
C0276,Sophie Rossi,DL,DL-2026-SO110,8 Marina Blvd, Italy,05-11-2025,09-11-2025,1365,3905544455
C0277,Noah Kim,Aadhar,1058 2169 3280,12 Tree Line, Korea,02-11-2025,13-11-2025,1720,8280778899
C0278,Grace Chen,Passport,P101300114,19 Rue de Lyon, France,03-11-2025,14-11-2025,1897,3366667777
C0279,Lucas Park,Aadhar,1059 2170 3281,27 Cedar Ave, Korea,03-11-2025,13-11-2025,2072,8256657788
C0280,Ashley Patel,DL,DL-2026-AS111,3 Park Street, India,02-11-2025,09-11-2025,1799,919123456786
C0281,Mia Kapoor,Passport,P101400115,5 Grand Central, India,04-11-2025,14-11-2025,1386,91987654314
C0282,Oliver Rossi,Aadhar,1060 2171 3282,44 Queen's Gate, Italy,02-11-2025,11-11-2025,1683,3905511122
C0283,Sophia Nguyen,DL,DL-2026-SO112,16 Riverside Dr, Vietnam,06-11-2025,09-11-2025,2412,8481234567
C0284,Daniel Smith,Passport,P101500116,2 Ocean Ave, USA,06-11-2025,09-11-2025,1895,1206555013
C0285,Grace Lee,Aadhar,1061 2172 3283,9 Lotus Way, Korea,03-11-2025,13-11-2025,1686,8210334456
C0286,Leo Kim,DL,DL-2026-LE113,40 Market St, Korea,06-11-2025,12-11-2025,2273,8210443321
C0287,Emma Davis,Passport,P101600117,88 Avenida, Spain,03-11-2025,13-11-2025,2061,3461234577
C0288,Riya Sharma,Aadhar,1062 2173 3284,12 Parkside, India,02-11-2025,13-11-2025,2190,919123456799
C0289,Lucas White,DL,DL-2026-LU114,7 Hill Street, USA,02-11-2025,10-11-2025,1543,12035550101
C0290,Chandra Nair,Aadhar,1063 2174 3285,33 Garden Ave, India,02-11-2025,09-11-2025,1793,9198899000
C0291,Ash Singh,Passport,P9999999,1 Broadway, Australia,03-11-2025,13-11-2025,1756,6145550123
C0292,Emma Brown,DL,DL-2026-EB99,2 Pearl Rd, UK,02-11-2025,09-11-2025,2354,4477000123
C0293,Nikhil Shah,Aadhar,1064 2175 3286,14 Garden Hill, India,02-11-2025,10-11-2025,1789,9123456780
C0294,Anna Müller,Passport,P9000001,3 Rathausplatz, Germany,04-11-2025,09-11-2025,2448,4912345678
C0295,James Brown,DL,DL-2026-JB11,5 Park Ave, USA,02-11-2025,13-11-2025,2128,2025550123
C0296,Laura Smith,Passport,P9000002,8 Ocean Drive, UK,06-11-2025,09-11-2025,2446,4479009999
C0297, Rahul Verma,Aadhar,1065 2176 3287,22 Silk Street, India,03-11-2025,14-11-2025,2068,9123456789
C0298,Grace Kim,DL,DL-2026-GK77,9 Crescent Ave, Korea,04-11-2025,10-11-2025,1992,8210123450
C0299,Lucas Garcia,Passport,P4000001,11 Plaza Real, Spain,05-11-2025,12-11-2025,1534,6831123456
C0300,Sophia Lee,Aadhar,1066 2177 3288,18 Birch Street, India,03-11-2025,09-11-2025,2294,9123456785
